{
    "Andhra Pradesh": [
      "Visakhapatnam",
      "Vijayawada",
      "Guntur",
      "Nellore",
      "Kurnool",
      "Rajahmundry",
      "Tirupati",
      "Kadapa",
      "Anantapur",
      "Eluru",
      "Ongole",
      "Machilipatnam",
      "Hindupur",
      "Proddatur",
      "Adoni"
    ],
    "Arunachal Pradesh": [
      "Itanagar",
      "Naharlagun",
      "Pasighat",
      "Roing",
      "Tezu",
      "Ziro",
      "Bomdila",
      "Tawang",
      "Aalo",
      "Seppa",
      "Khonsa",
      "Changlang",
      "Yupia",
      "Daporijo",
      "Anini"
    ],
    "Assam": [
      "Guwahati",
      "Silchar",
      "Dibrugarh",
      "Jorhat",
      "Nagaon",
      "Tinsukia",
      "Karimganj",
      "Goalpara",
      "Barpeta",
      "Tezpur",
      "Bongaigaon",
      "Diphu",
      "Sivasagar",
      "Lakhimpur",
      "Dhemaji"
    ],
    "Bihar": [
      "Patna",
      "Gaya",
      "Bhagalpur",
      "Muzaffarpur",
      "Purnea",
      "Darbhanga",
      "Arrah",
      "Begusarai",
      "Katihar",
      "Munger",
      "Chhapra",
      "Nalanda",
      "Siwan",
      "Samastipur",
      "Madhepura"
    ],
    "Chhattisgarh": [
      "Raipur",
      "Bilaspur",
      "Bhilai",
      "Durg",
      "Korba",
      "Raigarh",
      "Ambikapur",
      "Jagdalpur",
      "Kanker",
      "Bijapur",
      "Dhamtari",
      "Bemetara",
      "Kabirdham",
      "Baloda Bazar",
      "Mahasamund"
    ],
    "Goa": [
      "Panaji",
      "Margao",
      "Vasco da Gama",
      "Mapusa",
      "Ponda",
      "Bicholim",
      "Canacona",
      "Curchorem",
      "Cuncolim",
      "Sanguem",
      "Valpoi",
      "Sanquelim",
      "Quepem",
      "Dharbandora",
      "Calangute"
    ],
    "Gujarat": [
      "Ahmedabad",
      "Surat",
      "Vadodara",
      "Rajkot",
      "Bhavnagar",
      "Jamnagar",
      "Gandhinagar",
      "Junagadh",
      "Navsari",
      "Valsad",
      "Anand",
      "Morbi",
      "Mehsana",
      "Patan",
      "Porbandar"
    ],
    "Haryana": [
      "Gurgaon",
      "Faridabad",
      "Panipat",
      "Ambala",
      "Hisar",
      "Karnal",
      "Sonipat",
      "Rohtak",
      "Yamunanagar",
      "Sirsa",
      "Panchkula",
      "Bahadurgarh",
      "Bhiwani",
      "Rewari",
      "Jind"
    ],
    "Himachal Pradesh": [
      "Shimla",
      "Dharamshala",
      "Mandi",
      "Solan",
      "Kullu",
      "Bilaspur",
      "Una",
      "Chamba",
      "Hamirpur",
      "Kangra",
      "Nahan",
      "Palampur",
      "Kasauli",
      "Manali",
      "Rampur"
    ],
    "Jharkhand": [
      "Ranchi",
      "Jamshedpur",
      "Dhanbad",
      "Bokaro",
      "Hazaribagh",
      "Giridih",
      "Deoghar",
      "Phusro",
      "Medininagar",
      "Chaibasa",
      "Chatra",
      "Gumla",
      "Ramgarh",
      "Sahibganj",
      "Simdega"
    ],
    "Karnataka": [
      "Bengaluru",
      "Mysuru",
      "Mangalore",
      "Hubli",
      "Belgaum",
      "Tumkur",
      "Bellary",
      "Davangere",
      "Shimoga",
      "Udupi",
      "Raichur",
      "Bidar",
      "Hassan",
      "Karwar",
      "Chitradurga"
    ],
    "Kerala": [
      "Thiruvananthapuram",
      "Kochi",
      "Kozhikode",
      "Thrissur",
      "Kollam",
      "Kannur",
      "Alappuzha",
      "Palakkad",
      "Malappuram",
      "Kottayam",
      "Pathanamthitta",
      "Idukki",
      "Kasargod",
      "Varkala",
      "Kalpetta"
    ],
    "Madhya Pradesh": [
      "Indore",
      "Bhopal",
      "Jabalpur",
      "Gwalior",
      "Ujjain",
      "Sagar",
      "Rewa",
      "Satna",
      "Ratlam",
      "Katni",
      "Dewas",
      "Chhindwara",
      "Bhind",
      "Shivpuri",
      "Betul"
    ],
    "Maharashtra": [
      "Mumbai",
      "Pune",
      "Nagpur",
      "Nashik",
      "Thane",
      "Aurangabad",
      "Solapur",
      "Amravati",
      "Kolhapur",
      "Sangli",
      "Latur",
      "Akola",
      "Jalgaon",
      "Nanded",
      "Satara"
    ],
    "Manipur": [
      "Imphal",
      "Thoubal",
      "Kakching",
      "Ukhrul",
      "Churachandpur",
      "Senapati",
      "Tamenglong",
      "Bishnupur",
      "Jiribam",
      "Moirang",
      "Lilong",
      "Mayang",
      "Kumbi",
      "Sekmai",
      "Kangpokpi"
    ],
    "Meghalaya": [
      "Shillong",
      "Tura",
      "Nongpoh",
      "Jowai",
      "Baghmara",
      "Williamnagar",
      "Resubelpara",
      "Mairang",
      "Sohra",
      "Mawkyrwat",
      "Khliehriat",
      "Dadenggre",
      "Ampati",
      "Ranikor",
      "Nongstoin"
    ],
    "Mizoram": [
      "Aizawl",
      "Lunglei",
      "Champhai",
      "Serchhip",
      "Kolasib",
      "Lawngtlai",
      "Mamit",
      "Saitual",
      "Hnahthial",
      "North Vanlaiphai",
      "Reiek",
      "Biate",
      "Vairengte",
      "Khawzawl",
      "Darlawn"
    ],
    "Nagaland": [
      "Kohima",
      "Dimapur",
      "Mokokchung",
      "Tuensang",
      "Wokha",
      "Zunheboto",
      "Mon",
      "Kiphire",
      "Peren",
      "Longleng",
      "Tseminyu",
      "Chumukedima",
      "Medziphema",
      "Niuland",
      "Aboi"
    ],
    "Odisha": [
      "Bhubaneswar",
      "Cuttack",
      "Rourkela",
      "Berhampur",
      "Sambalpur",
      "Puri",
      "Balasore",
      "Bhadrak",
      "Baripada",
      "Jharsuguda",
      "Jeypore",
      "Paradip",
      "Kendrapara",
      "Rayagada",
      "Dhenkanal"
    ],
    "Punjab": [
      "Amritsar",
      "Ludhiana",
      "Jalandhar",
      "Patiala",
      "Bathinda",
      "Mohali",
      "Hoshiarpur",
      "Ferozpur",
      "Pathankot",
      "Moga",
      "Abohar",
      "Khanna",
      "Barnala",
      "Tarn Taran",
      "Kapurthala"
    ],
    "Rajasthan": [
      "Jaipur",
      "Jodhpur",
      "Udaipur",
      "Kota",
      "Ajmer",
      "Bikaner",
      "Alwar",
      "Sikar",
      "Bharatpur",
      "Pali",
      "Chittorgarh",
      "Sri Ganganagar",
      "Nagaur",
      "Jaisalmer",
      "Barmer"
    ],
    "Sikkim": [
      "Gangtok",
      "Namchi",
      "Mangan",
      "Gyalshing",
      "Rangpo",
      "Jorethang",
      "Singtam",
      "Chungthang",
      "Soreng",
      "Ravangla",
      "Yuksom",
      "Nathu La",
      "Lachung",
      "Lachen",
      "Pelling"
    ],
    "Tamil Nadu": [
      "Chennai",
      "Coimbatore",
      "Madurai",
      "Salem",
      "Trichy",
      "Tirunelveli",
      "Vellore",
      "Erode",
      "Thanjavur",
      "Tuticorin",
      "Nagercoil",
      "Kanchipuram",
      "Dindigul",
      "Karur",
      "Krishnagiri"
    ],
    "Telangana": [
      "Hyderabad",
      "Warangal",
      "Nizamabad",
      "Karimnagar",
      "Khammam",
      "Mahbubnagar",
      "Ramagundam",
      "Suryapet",
      "Nalgonda",
      "Adilabad",
      "Jagtial",
      "Sangareddy",
      "Mancherial",
      "Wanaparthy",
      "Medak"
    ],
    "Tripura": [
      "Agartala",
      "Udaipur",
      "Dharmanagar",
      "Kailashahar",
      "Belonia",
      "Ambassa",
      "Kamalpur",
      "Sonamura",
      "Bishalgarh",
      "Melaghar",
      "Ranirbazar",
      "Khowai",
      "Teliamura",
      "Jirania",
      "Sabroom"
    ],
    "Uttar Pradesh": [
      "Lucknow",
      "Kanpur",
      "Agra",
      "Varanasi",
      "Prayagraj",
      "Meerut",
      "Noida",
      "Ghaziabad",
      "Aligarh",
      "Mathura",
      "Bareilly",
      "Moradabad",
      "Saharanpur",
      "Gorakhpur",
      "Jhansi"
    ],
    "Uttarakhand": [
      "Dehradun",
      "Haridwar",
      "Rishikesh",
      "Haldwani",
      "Nainital",
      "Kashipur",
      "Rudrapur",
      "Roorkee",
      "Pithoragarh",
      "Tehri",
      "Mussoorie",
      "Almora",
      "Bageshwar",
      "Champawat",
      "Uttarkashi"
    ],
    "West Bengal": [
      "Kolkata",
      "Howrah",
      "Durgapur",
      "Asansol",
      "Siliguri",
      "Malda",
      "Kharagpur",
      "Haldia",
      "Baharampur",
      "Cooch Behar",
      "Alipurduar",
      "Medinipur",
      "Raiganj",
      "Jalpaiguri",
      "Krishnanagar"
    ]
  }
